[
    {
        "kategori": "Mobil Mogok",
        "penyebab": [
            "Accu (Aki) lemah",
            "Overheat adalah masalah yang terjadi akibat kebocoran cairan (oli mesin atau transmisi, air radiator) sampai habis atau kerusakan kipas pendingin (fan A/C atau radiator) yang menyebabkan mesin tidak mampu bekerja dengan baik.",
            "Menabrak",
            "Habis bensin (BBM)"
        ],
        "solusi": [
            "Jumper aki mobil bertujuan untuk ‘memancing‘ agar aki yang soak dapat bekerja kembali atau ganti accu (aki) mobil.",
            "Segera derek kendaraan ke bengkel, untuk melakukan perbaikan komponen kendaraan.",
            "Perlu dilakukan derek ke bengkel, untuk melakukan perbaikan.",
            "Cari SPBU terdekat untuk melakukan pengisian BBM."
        ]
    },
    {
        "kategori": "Kebocoran Cairan",
        "penyebab": [
            "Oli mesin atau trasmisi (gardan) bocor biasanya dikarenakan komponen seal (karet pelindung) rusak.",
            "Air radiator bocor dikarenakan akibat selang atau pipa radiator, radiator itu sendiri mengalami kebocoran."
        ],
        "solusi": [
            "Perlu melakukan perbaikan di bengkel, dengan melakukan pergantian seal untuk menghidari overheat kendaraan, yang dimana memakan waktu kerja lebih dari satu hari kerja.",
            "Perlu melakukan perbaikan di bengkel, dengan melakukan pergantian komponen radiator yang rusak untuk menghindari overheat."
        ]
    },
    {
        "kategori": "Bunyi-bunyi Abnormal",
        "penyebab": [
            "Rem, bunyi di sistem pengereman dikarenakan rem kotor akibat debu dijalan raya.",
            "Kaki-kaki kendaraan, bunyi dikarenakan rusaknya komponen kaki- kai kendaraan akibat dari umur kaki-kaki kendaraan lebih dari 3 tahun atau lebih dari 120.000 KM.",
            "Interior kendaraan, bunyi biasanya disebabkan terdapat celah yang tidak rapat di interior kendaraan dibagian seperti dashboard mobil, pilar pintu, pintu, plafon mobil, bagasi, dan kursi mobil."
        ],
        "solusi": [
            "Dengan melakukan cek rem atau pembersihan komponen rem kendaraan di bengkel.",
            "Perlu dilakukan pengecekan terlebih dahulu di bengkel untuk mengetahui komponen kaki-kaki kendaraan apa yang rusak dengan tes jalan kendaraan dan dilakukan pergantian. Seperti link stabilizer, shockbreaker, lower arm, engine mounting, bearing roda, karet support, tie rod, dan long tie rod.",
            "Perlu dilakukan perbaikan di bengkel dan juga tes jalan untuk bersama pelanggan untuk memastikan bunyi di interior kendaraan."
        ]
    },
    {
        "kategori": "Indikator Dashboard Menyala",
        "penyebab": [
            "Terdapat kerusakan komponen yang terditeksi oleh sistem komputer kendaraan atau ECU (Electronic Control Unit)."
        ],
        "solusi": [
            "Perlu dilakukan pengecekan dengan alat scanner mobil yang hanya ada di bengkel, untuk mengetahui kerusakan komponen, dan melakukan perbaikan komponen kendaraan yang rusak."
        ]
    },
    {
        "kategori": "A/C Tidak Dingin",
        "penyebab": [
            "Kebocoran Freon, disebabkan bocornya selang A/C.",
            "Filter A/C kotor"
        ],
        "solusi": [
            "Perlu dilakukan pergantian selang A/C.",
            "Perlu dilakukan pembersihan filter A/C dan kisi-kisi A/C."
        ]
    },
    {
        "kategori": "Tarikan Gas Kurang",
        "penyebab": [
            "Filter Udara kotor",
            "Tune-Up",
            "Busi Mati"
        ],
        "solusi": [
            "Perlu dilakukan pergantian filter udara.",
            "Perlu dilakukan pembersihan throttle body, dan intake manifold dengan cairan khusus pembersih ruang bakar kendaraan, serta perlu dilakukan reset dengan aplikasi khusus di komputer bengkel.",
            "Perlu dilakukan pergantian busi yang mati pada kendaraan."
        ]
    }
]